condition,feature,operator,threshold,matched_count,hit_count,non_hit_count,accuracy_pct,coverage_pct,non_hit_leakage_pct
close_to_close_ema_3_daily_difference_pct >= 5.507031975139705,close_to_close_ema_3_daily_difference_pct,>=,5.507031975139705,4,2,2,50,100,7.4074074074074066
high_low_ratio_daily >= 1.1019417629924688,high_low_ratio_daily,>=,1.1019417629924688,4,2,2,50,100,7.4074074074074066
close_ema_3_daily_slope_pct >= 5.8279807378797255,close_ema_3_daily_slope_pct,>=,5.8279807378797255,4,2,2,50,100,7.4074074074074066
close_ema_3_daily_range_5_pct <= 10.791494359863973,close_ema_3_daily_range_5_pct,<=,10.791494359863973,3,1,2,33.33333333333333,50,7.4074074074074066
close_ema_21_daily_range_5_pct <= 7.242232836622377,close_ema_21_daily_range_5_pct,<=,7.242232836622377,3,1,2,33.33333333333333,50,7.4074074074074066
close_to_close_ema_3_daily_difference_pct >= 4.6141288475343245,close_to_close_ema_3_daily_difference_pct,>=,4.6141288475343245,7,2,5,28.57142857142857,100,18.51851851851852
high_low_ratio_daily >= 1.0973451684596325,high_low_ratio_daily,>=,1.0973451684596325,7,2,5,28.57142857142857,100,18.51851851851852
close_ema_3_daily_slope_pct >= 4.837329461675803,close_ema_3_daily_slope_pct,>=,4.837329461675803,7,2,5,28.57142857142857,100,18.51851851851852
close_to_close_ema_8_daily_difference_pct >= 16.044493607381117,close_to_close_ema_8_daily_difference_pct,>=,16.044493607381117,4,1,3,25,50,11.11111111111111
close_to_close_ema_13_daily_difference_pct >= 25.8399875036954,close_to_close_ema_13_daily_difference_pct,>=,25.8399875036954,4,1,3,25,50,11.11111111111111
close_ema_3_daily_volatility_5_daily >= 4.828392699756239,close_ema_3_daily_volatility_5_daily,>=,4.828392699756239,4,1,3,25,50,11.11111111111111
close_ema_3_daily_range_5_pct >= 17.2589050259724,close_ema_3_daily_range_5_pct,>=,17.2589050259724,4,1,3,25,50,11.11111111111111
close_ema_8_daily_slope_pct >= 4.804380613661218,close_ema_8_daily_slope_pct,>=,4.804380613661218,4,1,3,25,50,11.11111111111111
close_ema_8_daily_volatility_5_daily >= 4.514235559077387,close_ema_8_daily_volatility_5_daily,>=,4.514235559077387,4,1,3,25,50,11.11111111111111
close_ema_8_daily_range_5_pct >= 16.26644976813802,close_ema_8_daily_range_5_pct,>=,16.26644976813802,4,1,3,25,50,11.11111111111111
close_ema_13_daily_slope_pct >= 4.500485394541778,close_ema_13_daily_slope_pct,>=,4.500485394541778,4,1,3,25,50,11.11111111111111
close_ema_13_daily_volatility_5_daily >= 4.267246318298858,close_ema_13_daily_volatility_5_daily,>=,4.267246318298858,4,1,3,25,50,11.11111111111111
close_ema_13_daily_range_5_pct >= 15.576306288569786,close_ema_13_daily_range_5_pct,>=,15.576306288569786,4,1,3,25,50,11.11111111111111
close_to_close_ema_3_daily_difference_pct >= 4.556909587505851,close_to_close_ema_3_daily_difference_pct,>=,4.556909587505851,10,2,8,20,100,29.629629629629626
high_low_ratio_daily >= 1.0649350682794299,high_low_ratio_daily,>=,1.0649350682794299,10,2,8,20,100,29.629629629629626
close_ema_3_daily_slope_pct >= 4.774478244377237,close_ema_3_daily_slope_pct,>=,4.774478244377237,10,2,8,20,100,29.629629629629626
close_to_close_ema_55_daily_difference_pct <= 39.1787625693485,close_to_close_ema_55_daily_difference_pct,<=,39.1787625693485,6,1,5,16.666666666666664,50,18.51851851851852
close_to_close_ema_144_daily_difference_pct <= 52.287883809819824,close_to_close_ema_144_daily_difference_pct,<=,52.287883809819824,6,1,5,16.666666666666664,50,18.51851851851852
close_ema_3_daily_volatility_5_daily <= 3.3792991497619207,close_ema_3_daily_volatility_5_daily,<=,3.3792991497619207,6,1,5,16.666666666666664,50,18.51851851851852
close_ema_3_daily_range_5_pct <= 13.90854051601723,close_ema_3_daily_range_5_pct,<=,13.90854051601723,6,1,5,16.666666666666664,50,18.51851851851852
close_ema_8_daily_range_5_pct <= 10.779737436521646,close_ema_8_daily_range_5_pct,<=,10.779737436521646,6,1,5,16.666666666666664,50,18.51851851851852
close_ema_13_daily_range_5_pct <= 8.990154523189537,close_ema_13_daily_range_5_pct,<=,8.990154523189537,6,1,5,16.666666666666664,50,18.51851851851852
close_ema_21_daily_volatility_5_daily <= 1.846037917716655,close_ema_21_daily_volatility_5_daily,<=,1.846037917716655,6,1,5,16.666666666666664,50,18.51851851851852
close_ema_21_daily_range_5_pct <= 7.497806838144169,close_ema_21_daily_range_5_pct,<=,7.497806838144169,6,1,5,16.666666666666664,50,18.51851851851852
close_ema_55_daily_slope_pct <= 1.472431218535385,close_ema_55_daily_slope_pct,<=,1.472431218535385,6,1,5,16.666666666666664,50,18.51851851851852
close_ema_55_daily_volatility_5_daily <= 1.105603542510112,close_ema_55_daily_volatility_5_daily,<=,1.105603542510112,6,1,5,16.666666666666664,50,18.51851851851852
close_ema_55_daily_range_5_pct <= 4.55232377638142,close_ema_55_daily_range_5_pct,<=,4.55232377638142,6,1,5,16.666666666666664,50,18.51851851851852
close_ema_144_daily_slope_pct <= 0.7366864554924532,close_ema_144_daily_slope_pct,<=,0.7366864554924532,6,1,5,16.666666666666664,50,18.51851851851852
close_ema_144_daily_volatility_5_daily <= 0.5640805545826761,close_ema_144_daily_volatility_5_daily,<=,0.5640805545826761,6,1,5,16.666666666666664,50,18.51851851851852
close_ema_144_daily_range_5_pct <= 2.260749258510322,close_ema_144_daily_range_5_pct,<=,2.260749258510322,6,1,5,16.666666666666664,50,18.51851851851852
close_to_close_ema_3_daily_difference_pct >= 4.449612569545082,close_to_close_ema_3_daily_difference_pct,>=,4.449612569545082,13,2,11,15.384615384615385,100,40.74074074074074
volume_to_volume_ema_21_daily_difference_pct >= 5.899720166995827,volume_to_volume_ema_21_daily_difference_pct,>=,5.899720166995827,13,2,11,15.384615384615385,100,40.74074074074074
volume_to_volume_ema_55_daily_difference_pct >= 26.248457997695763,volume_to_volume_ema_55_daily_difference_pct,>=,26.248457997695763,13,2,11,15.384615384615385,100,40.74074074074074
volume_to_volume_ema_144_daily_difference_pct >= 63.70332308634222,volume_to_volume_ema_144_daily_difference_pct,>=,63.70332308634222,13,2,11,15.384615384615385,100,40.74074074074074
high_low_ratio_daily >= 1.0489510562235584,high_low_ratio_daily,>=,1.0489510562235584,13,2,11,15.384615384615385,100,40.74074074074074
close_ema_3_daily_slope_pct >= 4.656823158130754,close_ema_3_daily_slope_pct,>=,4.656823158130754,13,2,11,15.384615384615385,100,40.74074074074074
close_to_close_ema_8_daily_difference_pct >= 15.457390459423195,close_to_close_ema_8_daily_difference_pct,>=,15.457390459423195,7,1,6,14.285714285714285,50,22.22222222222222
close_to_close_ema_13_daily_difference_pct >= 24.763662524908913,close_to_close_ema_13_daily_difference_pct,>=,24.763662524908913,7,1,6,14.285714285714285,50,22.22222222222222
close_to_close_ema_21_daily_difference_pct >= 37.31894544988754,close_to_close_ema_21_daily_difference_pct,>=,37.31894544988754,7,1,6,14.285714285714285,50,22.22222222222222
volume_to_volume_ema_55_daily_difference_pct >= 125.05361598903907,volume_to_volume_ema_55_daily_difference_pct,>=,125.05361598903907,7,1,6,14.285714285714285,50,22.22222222222222
volume_to_volume_ema_144_daily_difference_pct >= 171.97891261544322,volume_to_volume_ema_144_daily_difference_pct,>=,171.97891261544322,7,1,6,14.285714285714285,50,22.22222222222222
close_ema_3_daily_volatility_5_daily >= 4.692004876002959,close_ema_3_daily_volatility_5_daily,>=,4.692004876002959,7,1,6,14.285714285714285,50,22.22222222222222
close_ema_3_daily_range_5_pct >= 17.08069908786724,close_ema_3_daily_range_5_pct,>=,17.08069908786724,7,1,6,14.285714285714285,50,22.22222222222222
close_ema_8_daily_slope_pct >= 4.620454919225577,close_ema_8_daily_slope_pct,>=,4.620454919225577,7,1,6,14.285714285714285,50,22.22222222222222
close_ema_8_daily_volatility_5_daily >= 4.22699655219654,close_ema_8_daily_volatility_5_daily,>=,4.22699655219654,7,1,6,14.285714285714285,50,22.22222222222222
close_ema_8_daily_range_5_pct >= 15.482727699934989,close_ema_8_daily_range_5_pct,>=,15.482727699934989,7,1,6,14.285714285714285,50,22.22222222222222
close_ema_13_daily_slope_pct >= 4.30495448768156,close_ema_13_daily_slope_pct,>=,4.30495448768156,7,1,6,14.285714285714285,50,22.22222222222222
close_ema_13_daily_volatility_5_daily >= 3.8699183811485183,close_ema_13_daily_volatility_5_daily,>=,3.8699183811485183,7,1,6,14.285714285714285,50,22.22222222222222
close_ema_13_daily_range_5_pct >= 14.355933786550285,close_ema_13_daily_range_5_pct,>=,14.355933786550285,7,1,6,14.285714285714285,50,22.22222222222222
close_ema_21_daily_slope_pct >= 3.876563818670728,close_ema_21_daily_slope_pct,>=,3.876563818670728,7,1,6,14.285714285714285,50,22.22222222222222
close_ema_21_daily_volatility_5_daily >= 3.4609399824542306,close_ema_21_daily_volatility_5_daily,>=,3.4609399824542306,7,1,6,14.285714285714285,50,22.22222222222222
close_ema_21_daily_range_5_pct >= 13.232667491997036,close_ema_21_daily_range_5_pct,>=,13.232667491997036,7,1,6,14.285714285714285,50,22.22222222222222
close_to_close_ema_3_daily_difference_pct >= 4.4221592157028295,close_to_close_ema_3_daily_difference_pct,>=,4.4221592157028295,15,2,13,13.333333333333334,100,48.148148148148145
close_to_close_ema_144_daily_difference_pct <= 106.29051941275111,close_to_close_ema_144_daily_difference_pct,<=,106.29051941275111,15,2,13,13.333333333333334,100,48.148148148148145
volume_to_volume_ema_8_daily_difference_pct >= -18.555102028300833,volume_to_volume_ema_8_daily_difference_pct,>=,-18.555102028300833,15,2,13,13.333333333333334,100,48.148148148148145
volume_to_volume_ema_21_daily_difference_pct >= -19.017939947910108,volume_to_volume_ema_21_daily_difference_pct,>=,-19.017939947910108,15,2,13,13.333333333333334,100,48.148148148148145
volume_to_volume_ema_55_daily_difference_pct >= -18.76433160967489,volume_to_volume_ema_55_daily_difference_pct,>=,-18.76433160967489,15,2,13,13.333333333333334,100,48.148148148148145
volume_to_volume_ema_144_daily_difference_pct >= -3.362485783106328,volume_to_volume_ema_144_daily_difference_pct,>=,-3.362485783106328,15,2,13,13.333333333333334,100,48.148148148148145
high_low_ratio_daily >= 1.0418849472026006,high_low_ratio_daily,>=,1.0418849472026006,15,2,13,13.333333333333334,100,48.148148148148145
close_ema_3_daily_slope_pct >= 4.6267619977761,close_ema_3_daily_slope_pct,>=,4.6267619977761,15,2,13,13.333333333333334,100,48.148148148148145
close_ema_144_daily_slope_pct <= 1.509013392810877,close_ema_144_daily_slope_pct,<=,1.509013392810877,15,2,13,13.333333333333334,100,48.148148148148145
close_ema_144_daily_volatility_5_daily <= 1.3025908349296542,close_ema_144_daily_volatility_5_daily,<=,1.3025908349296542,15,2,13,13.333333333333334,100,48.148148148148145
close_ema_144_daily_range_5_pct <= 5.3985794465180215,close_ema_144_daily_range_5_pct,<=,5.3985794465180215,15,2,13,13.333333333333334,100,48.148148148148145
close_ema_221_daily_volatility_5_daily <= 1.0447968138368051,close_ema_221_daily_volatility_5_daily,<=,1.0447968138368051,15,2,13,13.333333333333334,100,48.148148148148145
close_to_close_ema_55_daily_difference_pct <= 65.90090311769569,close_to_close_ema_55_daily_difference_pct,<=,65.90090311769569,17,2,15,11.76470588235294,100,55.55555555555556
close_to_close_ema_144_daily_difference_pct <= 121.20532628769367,close_to_close_ema_144_daily_difference_pct,<=,121.20532628769367,17,2,15,11.76470588235294,100,55.55555555555556
close_to_close_ema_221_daily_difference_pct <= 144.3466415579316,close_to_close_ema_221_daily_difference_pct,<=,144.3466415579316,17,2,15,11.76470588235294,100,55.55555555555556
close_ema_55_daily_slope_pct <= 2.5018384158627733,close_ema_55_daily_slope_pct,<=,2.5018384158627733,17,2,15,11.76470588235294,100,55.55555555555556
close_ema_55_daily_volatility_5_daily <= 2.2184112024027303,close_ema_55_daily_volatility_5_daily,<=,2.2184112024027303,17,2,15,11.76470588235294,100,55.55555555555556
close_ema_144_daily_slope_pct <= 1.7244112527714188,close_ema_144_daily_slope_pct,<=,1.7244112527714188,17,2,15,11.76470588235294,100,55.55555555555556
close_ema_144_daily_volatility_5_daily <= 1.5413320118508627,close_ema_144_daily_volatility_5_daily,<=,1.5413320118508627,17,2,15,11.76470588235294,100,55.55555555555556
close_ema_144_daily_range_5_pct <= 6.105728148206784,close_ema_144_daily_range_5_pct,<=,6.105728148206784,17,2,15,11.76470588235294,100,55.55555555555556
close_ema_221_daily_slope_pct <= 1.329690961858855,close_ema_221_daily_slope_pct,<=,1.329690961858855,17,2,15,11.76470588235294,100,55.55555555555556
close_ema_221_daily_volatility_5_daily <= 1.1882952200282566,close_ema_221_daily_volatility_5_daily,<=,1.1882952200282566,17,2,15,11.76470588235294,100,55.55555555555556
close_ema_221_daily_range_5_pct <= 4.748133991460185,close_ema_221_daily_range_5_pct,<=,4.748133991460185,17,2,15,11.76470588235294,100,55.55555555555556
close_to_close_ema_3_daily_difference_pct >= 4.338120614659685,close_to_close_ema_3_daily_difference_pct,>=,4.338120614659685,18,2,16,11.11111111111111,100,59.25925925925925
close_to_close_ema_8_daily_difference_pct >= 13.405049384126272,close_to_close_ema_8_daily_difference_pct,>=,13.405049384126272,18,2,16,11.11111111111111,100,59.25925925925925
volume_to_volume_ema_3_daily_difference_pct >= -22.710723272858697,volume_to_volume_ema_3_daily_difference_pct,>=,-22.710723272858697,18,2,16,11.11111111111111,100,59.25925925925925
volume_to_volume_ema_5_daily_difference_pct >= -24.268358367976838,volume_to_volume_ema_5_daily_difference_pct,>=,-24.268358367976838,18,2,16,11.11111111111111,100,59.25925925925925
volume_to_volume_ema_8_daily_difference_pct >= -32.318724033886866,volume_to_volume_ema_8_daily_difference_pct,>=,-32.318724033886866,18,2,16,11.11111111111111,100,59.25925925925925
volume_to_volume_ema_21_daily_difference_pct >= -36.40903148582751,volume_to_volume_ema_21_daily_difference_pct,>=,-36.40903148582751,18,2,16,11.11111111111111,100,59.25925925925925
volume_to_volume_ema_55_daily_difference_pct >= -25.82191088607302,volume_to_volume_ema_55_daily_difference_pct,>=,-25.82191088607302,18,2,16,11.11111111111111,100,59.25925925925925
volume_to_volume_ema_144_daily_difference_pct >= -32.14651781630116,volume_to_volume_ema_144_daily_difference_pct,>=,-32.14651781630116,18,2,16,11.11111111111111,100,59.25925925925925
close_ema_3_daily_slope_pct >= 4.534847781094795,close_ema_3_daily_slope_pct,>=,4.534847781094795,18,2,16,11.11111111111111,100,59.25925925925925
close_ema_8_daily_slope_pct >= 3.98254619078475,close_ema_8_daily_slope_pct,>=,3.98254619078475,18,2,16,11.11111111111111,100,59.25925925925925
close_to_close_ema_13_daily_difference_pct <= 18.99582222945232,close_to_close_ema_13_daily_difference_pct,<=,18.99582222945232,9,1,8,11.11111111111111,50,29.629629629629626
close_to_close_ema_21_daily_difference_pct <= 27.488336205522756,close_to_close_ema_21_daily_difference_pct,<=,27.488336205522756,9,1,8,11.11111111111111,50,29.629629629629626
close_to_close_ema_55_daily_difference_pct <= 52.085578479312325,close_to_close_ema_55_daily_difference_pct,<=,52.085578479312325,9,1,8,11.11111111111111,50,29.629629629629626
close_to_close_ema_144_daily_difference_pct <= 65.8961251348265,close_to_close_ema_144_daily_difference_pct,<=,65.8961251348265,9,1,8,11.11111111111111,50,29.629629629629626
close_to_close_ema_221_daily_difference_pct <= 77.92707801321825,close_to_close_ema_221_daily_difference_pct,<=,77.92707801321825,9,1,8,11.11111111111111,50,29.629629629629626
close_ema_3_daily_volatility_5_daily <= 4.041616550530627,close_ema_3_daily_volatility_5_daily,<=,4.041616550530627,9,1,8,11.11111111111111,50,29.629629629629626
close_ema_3_daily_range_5_pct <= 14.987361830799959,close_ema_3_daily_range_5_pct,<=,14.987361830799959,9,1,8,11.11111111111111,50,29.629629629629626
close_ema_8_daily_volatility_5_daily <= 2.9195097547583257,close_ema_8_daily_volatility_5_daily,<=,2.9195097547583257,9,1,8,11.11111111111111,50,29.629629629629626
close_ema_8_daily_range_5_pct <= 11.630870129051626,close_ema_8_daily_range_5_pct,<=,11.630870129051626,9,1,8,11.11111111111111,50,29.629629629629626
close_ema_13_daily_slope_pct <= 3.2694811769415963,close_ema_13_daily_slope_pct,<=,3.2694811769415963,9,1,8,11.11111111111111,50,29.629629629629626
close_ema_13_daily_volatility_5_daily <= 2.506668021251283,close_ema_13_daily_volatility_5_daily,<=,2.506668021251283,9,1,8,11.11111111111111,50,29.629629629629626
close_ema_13_daily_range_5_pct <= 9.82502440388581,close_ema_13_daily_range_5_pct,<=,9.82502440388581,9,1,8,11.11111111111111,50,29.629629629629626
close_ema_21_daily_slope_pct <= 2.826530233917268,close_ema_21_daily_slope_pct,<=,2.826530233917268,9,1,8,11.11111111111111,50,29.629629629629626
close_ema_21_daily_volatility_5_daily <= 2.0513490847644973,close_ema_21_daily_volatility_5_daily,<=,2.0513490847644973,9,1,8,11.11111111111111,50,29.629629629629626
close_ema_21_daily_range_5_pct <= 8.197495346934266,close_ema_21_daily_range_5_pct,<=,8.197495346934266,9,1,8,11.11111111111111,50,29.629629629629626
close_ema_55_daily_slope_pct <= 1.9670416104082205,close_ema_55_daily_slope_pct,<=,1.9670416104082205,9,1,8,11.11111111111111,50,29.629629629629626
close_ema_55_daily_volatility_5_daily <= 1.4762155159732198,close_ema_55_daily_volatility_5_daily,<=,1.4762155159732198,9,1,8,11.11111111111111,50,29.629629629629626
close_ema_55_daily_range_5_pct <= 5.9643731240810185,close_ema_55_daily_range_5_pct,<=,5.9643731240810185,9,1,8,11.11111111111111,50,29.629629629629626
close_ema_144_daily_slope_pct <= 0.9301970481916518,close_ema_144_daily_slope_pct,<=,0.9301970481916518,9,1,8,11.11111111111111,50,29.629629629629626
close_ema_144_daily_volatility_5_daily <= 0.7680775773903395,close_ema_144_daily_volatility_5_daily,<=,0.7680775773903395,9,1,8,11.11111111111111,50,29.629629629629626
close_ema_144_daily_range_5_pct <= 3.1640624773232844,close_ema_144_daily_range_5_pct,<=,3.1640624773232844,9,1,8,11.11111111111111,50,29.629629629629626
close_ema_221_daily_slope_pct <= 0.7134824915547432,close_ema_221_daily_slope_pct,<=,0.7134824915547432,9,1,8,11.11111111111111,50,29.629629629629626
close_ema_221_daily_volatility_5_daily <= 0.5444734054375344,close_ema_221_daily_volatility_5_daily,<=,0.5444734054375344,9,1,8,11.11111111111111,50,29.629629629629626
close_ema_221_daily_range_5_pct <= 2.3327283287467133,close_ema_221_daily_range_5_pct,<=,2.3327283287467133,9,1,8,11.11111111111111,50,29.629629629629626
close_to_close_ema_55_daily_difference_pct <= 72.13943378674676,close_to_close_ema_55_daily_difference_pct,<=,72.13943378674676,20,2,18,10,100,66.66666666666666
close_to_close_ema_144_daily_difference_pct <= 134.83603893054007,close_to_close_ema_144_daily_difference_pct,<=,134.83603893054007,20,2,18,10,100,66.66666666666666
close_to_close_ema_221_daily_difference_pct <= 168.39635373344973,close_to_close_ema_221_daily_difference_pct,<=,168.39635373344973,20,2,18,10,100,66.66666666666666
volume_to_volume_ema_8_daily_difference_pct <= 21.335984519497444,volume_to_volume_ema_8_daily_difference_pct,<=,21.335984519497444,20,2,18,10,100,66.66666666666666
close_ema_55_daily_slope_pct <= 2.745177377911644,close_ema_55_daily_slope_pct,<=,2.745177377911644,20,2,18,10,100,66.66666666666666
close_ema_55_daily_volatility_5_daily <= 2.4995103475468867,close_ema_55_daily_volatility_5_daily,<=,2.4995103475468867,20,2,18,10,100,66.66666666666666
close_ema_55_daily_range_5_pct <= 9.641454490966558,close_ema_55_daily_range_5_pct,<=,9.641454490966558,20,2,18,10,100,66.66666666666666
close_ema_144_daily_slope_pct <= 1.9220653954606117,close_ema_144_daily_slope_pct,<=,1.9220653954606117,20,2,18,10,100,66.66666666666666
close_ema_144_daily_volatility_5_daily <= 1.795706209264671,close_ema_144_daily_volatility_5_daily,<=,1.795706209264671,20,2,18,10,100,66.66666666666666
close_ema_144_daily_range_5_pct <= 6.818156046615512,close_ema_144_daily_range_5_pct,<=,6.818156046615512,20,2,18,10,100,66.66666666666666
close_ema_221_daily_slope_pct <= 1.5546761055228735,close_ema_221_daily_slope_pct,<=,1.5546761055228735,20,2,18,10,100,66.66666666666666
close_ema_221_daily_volatility_5_daily <= 1.397412054586523,close_ema_221_daily_volatility_5_daily,<=,1.397412054586523,20,2,18,10,100,66.66666666666666
close_ema_221_daily_range_5_pct <= 5.5419769773481065,close_ema_221_daily_range_5_pct,<=,5.5419769773481065,20,2,18,10,100,66.66666666666666
close_to_close_ema_8_daily_difference_pct >= 14.80939530962148,close_to_close_ema_8_daily_difference_pct,>=,14.80939530962148,10,1,9,10,50,33.33333333333333
close_to_close_ema_13_daily_difference_pct >= 23.3232722926068,close_to_close_ema_13_daily_difference_pct,>=,23.3232722926068,10,1,9,10,50,33.33333333333333
close_to_close_ema_21_daily_difference_pct >= 35.1291764721753,close_to_close_ema_21_daily_difference_pct,>=,35.1291764721753,10,1,9,10,50,33.33333333333333
volume_to_volume_ema_3_daily_difference_pct >= 11.8305722491997,volume_to_volume_ema_3_daily_difference_pct,>=,11.8305722491997,10,1,9,10,50,33.33333333333333
volume_to_volume_ema_5_daily_difference_pct >= 4.220648041376818,volume_to_volume_ema_5_daily_difference_pct,>=,4.220648041376818,10,1,9,10,50,33.33333333333333
volume_to_volume_ema_8_daily_difference_pct >= 21.335984519497444,volume_to_volume_ema_8_daily_difference_pct,>=,21.335984519497444,10,1,9,10,50,33.33333333333333
volume_to_volume_ema_21_daily_difference_pct >= 41.09459609836253,volume_to_volume_ema_21_daily_difference_pct,>=,41.09459609836253,10,1,9,10,50,33.33333333333333
volume_to_volume_ema_55_daily_difference_pct >= 87.31032706080012,volume_to_volume_ema_55_daily_difference_pct,>=,87.31032706080012,10,1,9,10,50,33.33333333333333
volume_to_volume_ema_144_daily_difference_pct >= 125.3673720996143,volume_to_volume_ema_144_daily_difference_pct,>=,125.3673720996143,10,1,9,10,50,33.33333333333333
close_ema_3_daily_volatility_5_daily >= 4.605319322244128,close_ema_3_daily_volatility_5_daily,>=,4.605319322244128,10,1,9,10,50,33.33333333333333
close_ema_3_daily_range_5_pct >= 16.656847464068623,close_ema_3_daily_range_5_pct,>=,16.656847464068623,10,1,9,10,50,33.33333333333333
close_ema_8_daily_slope_pct >= 4.418201197286282,close_ema_8_daily_slope_pct,>=,4.418201197286282,10,1,9,10,50,33.33333333333333
close_ema_8_daily_volatility_5_daily >= 3.950370371365735,close_ema_8_daily_volatility_5_daily,>=,3.950370371365735,10,1,9,10,50,33.33333333333333
close_ema_8_daily_range_5_pct >= 14.693168506899651,close_ema_8_daily_range_5_pct,>=,14.693168506899651,10,1,9,10,50,33.33333333333333
close_ema_13_daily_slope_pct >= 4.044427522735235,close_ema_13_daily_slope_pct,>=,4.044427522735235,10,1,9,10,50,33.33333333333333
close_ema_13_daily_volatility_5_daily >= 3.5441104357551545,close_ema_13_daily_volatility_5_daily,>=,3.5441104357551545,10,1,9,10,50,33.33333333333333
close_ema_13_daily_range_5_pct >= 13.357505603522455,close_ema_13_daily_range_5_pct,>=,13.357505603522455,10,1,9,10,50,33.33333333333333
close_ema_21_daily_slope_pct >= 3.640816533733892,close_ema_21_daily_slope_pct,>=,3.640816533733892,10,1,9,10,50,33.33333333333333
close_ema_21_daily_volatility_5_daily >= 3.2337443313791523,close_ema_21_daily_volatility_5_daily,>=,3.2337443313791523,10,1,9,10,50,33.33333333333333
close_ema_21_daily_range_5_pct >= 12.258411243020348,close_ema_21_daily_range_5_pct,>=,12.258411243020348,10,1,9,10,50,33.33333333333333
close_to_close_ema_3_daily_difference_pct >= 4.290968484294021,close_to_close_ema_3_daily_difference_pct,>=,4.290968484294021,21,2,19,9.523809523809524,100,70.37037037037037
close_to_close_ema_8_daily_difference_pct >= 12.404456599068581,close_to_close_ema_8_daily_difference_pct,>=,12.404456599068581,21,2,19,9.523809523809524,100,70.37037037037037
volume_to_volume_ema_3_daily_difference_pct >= -46.97001800883081,volume_to_volume_ema_3_daily_difference_pct,>=,-46.97001800883081,21,2,19,9.523809523809524,100,70.37037037037037
volume_to_volume_ema_5_daily_difference_pct >= -63.280089396693064,volume_to_volume_ema_5_daily_difference_pct,>=,-63.280089396693064,21,2,19,9.523809523809524,100,70.37037037037037
volume_to_volume_ema_8_daily_difference_pct >= -68.25959888917373,volume_to_volume_ema_8_daily_difference_pct,>=,-68.25959888917373,21,2,19,9.523809523809524,100,70.37037037037037
volume_to_volume_ema_21_daily_difference_pct >= -75.01231809875787,volume_to_volume_ema_21_daily_difference_pct,>=,-75.01231809875787,21,2,19,9.523809523809524,100,70.37037037037037
volume_to_volume_ema_55_daily_difference_pct >= -76.18400048832432,volume_to_volume_ema_55_daily_difference_pct,>=,-76.18400048832432,21,2,19,9.523809523809524,100,70.37037037037037
volume_to_volume_ema_144_daily_difference_pct >= -73.1936374708592,volume_to_volume_ema_144_daily_difference_pct,>=,-73.1936374708592,21,2,19,9.523809523809524,100,70.37037037037037
close_ema_3_daily_slope_pct >= 4.483347513123545,close_ema_3_daily_slope_pct,>=,4.483347513123545,21,2,19,9.523809523809524,100,70.37037037037037
close_ema_8_daily_slope_pct >= 3.674354369168004,close_ema_8_daily_slope_pct,>=,3.674354369168004,21,2,19,9.523809523809524,100,70.37037037037037
close_to_close_ema_21_daily_difference_pct <= 37.31894544988754,close_to_close_ema_21_daily_difference_pct,<=,37.31894544988754,23,2,21,8.695652173913043,100,77.77777777777779
close_to_close_ema_55_daily_difference_pct <= 77.94905043380832,close_to_close_ema_55_daily_difference_pct,<=,77.94905043380832,23,2,21,8.695652173913043,100,77.77777777777779
close_to_close_ema_144_daily_difference_pct <= 147.90427184789368,close_to_close_ema_144_daily_difference_pct,<=,147.90427184789368,23,2,21,8.695652173913043,100,77.77777777777779
close_to_close_ema_221_daily_difference_pct <= 183.4616983804309,close_to_close_ema_221_daily_difference_pct,<=,183.4616983804309,23,2,21,8.695652173913043,100,77.77777777777779
volume_to_volume_ema_3_daily_difference_pct <= 29.142700520426402,volume_to_volume_ema_3_daily_difference_pct,<=,29.142700520426402,23,2,21,8.695652173913043,100,77.77777777777779
volume_to_volume_ema_5_daily_difference_pct <= 34.964251296956625,volume_to_volume_ema_5_daily_difference_pct,<=,34.964251296956625,23,2,21,8.695652173913043,100,77.77777777777779
volume_to_volume_ema_8_daily_difference_pct <= 33.11407171457758,volume_to_volume_ema_8_daily_difference_pct,<=,33.11407171457758,23,2,21,8.695652173913043,100,77.77777777777779
volume_to_volume_ema_21_daily_difference_pct <= 69.77974564681169,volume_to_volume_ema_21_daily_difference_pct,<=,69.77974564681169,23,2,21,8.695652173913043,100,77.77777777777779
volume_to_volume_ema_55_daily_difference_pct <= 125.05361598903907,volume_to_volume_ema_55_daily_difference_pct,<=,125.05361598903907,23,2,21,8.695652173913043,100,77.77777777777779
close_ema_21_daily_slope_pct <= 3.876563818670728,close_ema_21_daily_slope_pct,<=,3.876563818670728,23,2,21,8.695652173913043,100,77.77777777777779
close_ema_21_daily_volatility_5_daily <= 3.4609399824542306,close_ema_21_daily_volatility_5_daily,<=,3.4609399824542306,23,2,21,8.695652173913043,100,77.77777777777779
close_ema_55_daily_slope_pct <= 2.9728274519877216,close_ema_55_daily_slope_pct,<=,2.9728274519877216,23,2,21,8.695652173913043,100,77.77777777777779
close_ema_55_daily_volatility_5_daily <= 2.743191592011651,close_ema_55_daily_volatility_5_daily,<=,2.743191592011651,23,2,21,8.695652173913043,100,77.77777777777779
close_ema_55_daily_range_5_pct <= 10.47313449259439,close_ema_55_daily_range_5_pct,<=,10.47313449259439,23,2,21,8.695652173913043,100,77.77777777777779
close_ema_144_daily_slope_pct <= 2.1122857725757864,close_ema_144_daily_slope_pct,<=,2.1122857725757864,23,2,21,8.695652173913043,100,77.77777777777779
close_ema_144_daily_volatility_5_daily <= 1.9228853459428041,close_ema_144_daily_volatility_5_daily,<=,1.9228853459428041,23,2,21,8.695652173913043,100,77.77777777777779
close_ema_144_daily_range_5_pct <= 7.507917663877222,close_ema_144_daily_range_5_pct,<=,7.507917663877222,23,2,21,8.695652173913043,100,77.77777777777779
close_ema_221_daily_slope_pct <= 1.696122116564418,close_ema_221_daily_slope_pct,<=,1.696122116564418,23,2,21,8.695652173913043,100,77.77777777777779
close_ema_221_daily_volatility_5_daily <= 1.549880444702786,close_ema_221_daily_volatility_5_daily,<=,1.549880444702786,23,2,21,8.695652173913043,100,77.77777777777779
close_ema_221_daily_range_5_pct <= 6.110444754519382,close_ema_221_daily_range_5_pct,<=,6.110444754519382,23,2,21,8.695652173913043,100,77.77777777777779
close_to_close_ema_3_daily_difference_pct >= 4.13221756535651,close_to_close_ema_3_daily_difference_pct,>=,4.13221756535651,24,2,22,8.333333333333332,100,81.48148148148148
close_to_close_ema_8_daily_difference_pct >= 11.775583376242626,close_to_close_ema_8_daily_difference_pct,>=,11.775583376242626,24,2,22,8.333333333333332,100,81.48148148148148
close_to_close_ema_13_daily_difference_pct >= 16.703111587193536,close_to_close_ema_13_daily_difference_pct,>=,16.703111587193536,24,2,22,8.333333333333332,100,81.48148148148148
close_to_close_ema_21_daily_difference_pct >= 23.953618878421263,close_to_close_ema_21_daily_difference_pct,>=,23.953618878421263,24,2,22,8.333333333333332,100,81.48148148148148
close_to_close_ema_55_daily_difference_pct >= 39.1787625693485,close_to_close_ema_55_daily_difference_pct,>=,39.1787625693485,24,2,22,8.333333333333332,100,81.48148148148148
close_to_close_ema_144_daily_difference_pct >= 52.287883809819824,close_to_close_ema_144_daily_difference_pct,>=,52.287883809819824,24,2,22,8.333333333333332,100,81.48148148148148
close_to_close_ema_221_daily_difference_pct >= 55.24762763491952,close_to_close_ema_221_daily_difference_pct,>=,55.24762763491952,24,2,22,8.333333333333332,100,81.48148148148148
volume_to_volume_ema_3_daily_difference_pct >= -72.9573887119646,volume_to_volume_ema_3_daily_difference_pct,>=,-72.9573887119646,24,2,22,8.333333333333332,100,81.48148148148148
volume_to_volume_ema_5_daily_difference_pct >= -82.80620999394532,volume_to_volume_ema_5_daily_difference_pct,>=,-82.80620999394532,24,2,22,8.333333333333332,100,81.48148148148148
volume_to_volume_ema_8_daily_difference_pct >= -86.1179595957659,volume_to_volume_ema_8_daily_difference_pct,>=,-86.1179595957659,24,2,22,8.333333333333332,100,81.48148148148148
volume_to_volume_ema_21_daily_difference_pct >= -85.67881160905847,volume_to_volume_ema_21_daily_difference_pct,>=,-85.67881160905847,24,2,22,8.333333333333332,100,81.48148148148148
volume_to_volume_ema_55_daily_difference_pct >= -81.28347910723731,volume_to_volume_ema_55_daily_difference_pct,>=,-81.28347910723731,24,2,22,8.333333333333332,100,81.48148148148148
volume_to_volume_ema_144_daily_difference_pct >= -75.12618804293074,volume_to_volume_ema_144_daily_difference_pct,>=,-75.12618804293074,24,2,22,8.333333333333332,100,81.48148148148148
close_ema_3_daily_slope_pct >= 4.310329769204364,close_ema_3_daily_slope_pct,>=,4.310329769204364,24,2,22,8.333333333333332,100,81.48148148148148
close_ema_8_daily_slope_pct >= 3.4815887905993,close_ema_8_daily_slope_pct,>=,3.4815887905993,24,2,22,8.333333333333332,100,81.48148148148148
close_ema_8_daily_volatility_5_daily >= 2.5962668044810067,close_ema_8_daily_volatility_5_daily,>=,2.5962668044810067,24,2,22,8.333333333333332,100,81.48148148148148
close_ema_13_daily_slope_pct >= 2.863569465053022,close_ema_13_daily_slope_pct,>=,2.863569465053022,24,2,22,8.333333333333332,100,81.48148148148148
close_ema_13_daily_volatility_5_daily >= 2.1908505643770937,close_ema_13_daily_volatility_5_daily,>=,2.1908505643770937,24,2,22,8.333333333333332,100,81.48148148148148
close_ema_21_daily_slope_pct >= 2.4541476042251196,close_ema_21_daily_slope_pct,>=,2.4541476042251196,24,2,22,8.333333333333332,100,81.48148148148148
close_ema_55_daily_slope_pct >= 1.472431218535385,close_ema_55_daily_slope_pct,>=,1.472431218535385,24,2,22,8.333333333333332,100,81.48148148148148
close_ema_55_daily_volatility_5_daily >= 1.105603542510112,close_ema_55_daily_volatility_5_daily,>=,1.105603542510112,24,2,22,8.333333333333332,100,81.48148148148148
close_ema_144_daily_slope_pct >= 0.7366864554924532,close_ema_144_daily_slope_pct,>=,0.7366864554924532,24,2,22,8.333333333333332,100,81.48148148148148
close_ema_144_daily_volatility_5_daily >= 0.5640805545826761,close_ema_144_daily_volatility_5_daily,>=,0.5640805545826761,24,2,22,8.333333333333332,100,81.48148148148148
close_ema_144_daily_range_5_pct >= 2.260749258510322,close_ema_144_daily_range_5_pct,>=,2.260749258510322,24,2,22,8.333333333333332,100,81.48148148148148
close_ema_221_daily_slope_pct >= 0.5047864561505944,close_ema_221_daily_slope_pct,>=,0.5047864561505944,24,2,22,8.333333333333332,100,81.48148148148148
close_ema_221_daily_volatility_5_daily >= 0.399043090572716,close_ema_221_daily_volatility_5_daily,>=,0.399043090572716,24,2,22,8.333333333333332,100,81.48148148148148
close_ema_221_daily_range_5_pct >= 1.6781501180612681,close_ema_221_daily_range_5_pct,>=,1.6781501180612681,24,2,22,8.333333333333332,100,81.48148148148148
close_to_close_ema_13_daily_difference_pct <= 19.795577957781347,close_to_close_ema_13_daily_difference_pct,<=,19.795577957781347,12,1,11,8.333333333333332,50,40.74074074074074
close_to_close_ema_21_daily_difference_pct <= 28.86758938369954,close_to_close_ema_21_daily_difference_pct,<=,28.86758938369954,12,1,11,8.333333333333332,50,40.74074074074074
close_to_close_ema_55_daily_difference_pct <= 59.31846567926872,close_to_close_ema_55_daily_difference_pct,<=,59.31846567926872,12,1,11,8.333333333333332,50,40.74074074074074
close_to_close_ema_144_daily_difference_pct <= 90.48336185786367,close_to_close_ema_144_daily_difference_pct,<=,90.48336185786367,12,1,11,8.333333333333332,50,40.74074074074074
close_to_close_ema_221_daily_difference_pct <= 99.93867672625235,close_to_close_ema_221_daily_difference_pct,<=,99.93867672625235,12,1,11,8.333333333333332,50,40.74074074074074
volume_to_volume_ema_3_daily_difference_pct <= -22.710723272858697,volume_to_volume_ema_3_daily_difference_pct,<=,-22.710723272858697,12,1,11,8.333333333333332,50,40.74074074074074
volume_to_volume_ema_5_daily_difference_pct <= -24.268358367976838,volume_to_volume_ema_5_daily_difference_pct,<=,-24.268358367976838,12,1,11,8.333333333333332,50,40.74074074074074
close_ema_3_daily_volatility_5_daily <= 4.222363580294482,close_ema_3_daily_volatility_5_daily,<=,4.222363580294482,12,1,11,8.333333333333332,50,40.74074074074074
close_ema_3_daily_range_5_pct <= 15.306913817582736,close_ema_3_daily_range_5_pct,<=,15.306913817582736,12,1,11,8.333333333333332,50,40.74074074074074
close_ema_8_daily_volatility_5_daily <= 3.2674064627030104,close_ema_8_daily_volatility_5_daily,<=,3.2674064627030104,12,1,11,8.333333333333332,50,40.74074074074074
close_ema_8_daily_range_5_pct <= 12.587546475677508,close_ema_8_daily_range_5_pct,<=,12.587546475677508,12,1,11,8.333333333333332,50,40.74074074074074
close_ema_13_daily_slope_pct <= 3.411828177404167,close_ema_13_daily_slope_pct,<=,3.411828177404167,12,1,11,8.333333333333332,50,40.74074074074074
close_ema_13_daily_volatility_5_daily <= 2.5853640669564957,close_ema_13_daily_volatility_5_daily,<=,2.5853640669564957,12,1,11,8.333333333333332,50,40.74074074074074
close_ema_13_daily_range_5_pct <= 10.816940825449628,close_ema_13_daily_range_5_pct,<=,10.816940825449628,12,1,11,8.333333333333332,50,40.74074074074074
close_ema_21_daily_slope_pct <= 2.9725698646366485,close_ema_21_daily_slope_pct,<=,2.9725698646366485,12,1,11,8.333333333333332,50,40.74074074074074
close_ema_21_daily_volatility_5_daily <= 2.378724873376736,close_ema_21_daily_volatility_5_daily,<=,2.378724873376736,12,1,11,8.333333333333332,50,40.74074074074074
close_ema_21_daily_range_5_pct <= 9.451987027486936,close_ema_21_daily_range_5_pct,<=,9.451987027486936,12,1,11,8.333333333333332,50,40.74074074074074
close_ema_55_daily_slope_pct <= 2.2463316726500806,close_ema_55_daily_slope_pct,<=,2.2463316726500806,12,1,11,8.333333333333332,50,40.74074074074074
close_ema_55_daily_volatility_5_daily <= 1.914918786278173,close_ema_55_daily_volatility_5_daily,<=,1.914918786278173,12,1,11,8.333333333333332,50,40.74074074074074
close_ema_55_daily_range_5_pct <= 7.5916267434181135,close_ema_55_daily_range_5_pct,<=,7.5916267434181135,12,1,11,8.333333333333332,50,40.74074074074074
close_ema_144_daily_slope_pct <= 1.281721773541651,close_ema_144_daily_slope_pct,<=,1.281721773541651,12,1,11,8.333333333333332,50,40.74074074074074
close_ema_144_daily_volatility_5_daily <= 0.9404066667847333,close_ema_144_daily_volatility_5_daily,<=,0.9404066667847333,12,1,11,8.333333333333332,50,40.74074074074074
close_ema_144_daily_range_5_pct <= 3.8332055380347883,close_ema_144_daily_range_5_pct,<=,3.8332055380347883,12,1,11,8.333333333333332,50,40.74074074074074
close_ema_221_daily_slope_pct <= 0.9168634355557614,close_ema_221_daily_slope_pct,<=,0.9168634355557614,12,1,11,8.333333333333332,50,40.74074074074074
close_ema_221_daily_volatility_5_daily <= 0.7208920384376445,close_ema_221_daily_volatility_5_daily,<=,0.7208920384376445,12,1,11,8.333333333333332,50,40.74074074074074
close_ema_221_daily_range_5_pct <= 2.9585816331327464,close_ema_221_daily_range_5_pct,<=,2.9585816331327464,12,1,11,8.333333333333332,50,40.74074074074074
close_to_close_ema_21_daily_difference_pct <= 39.32260113468779,close_to_close_ema_21_daily_difference_pct,<=,39.32260113468779,26,2,24,7.6923076923076925,100,88.88888888888889
close_to_close_ema_55_daily_difference_pct <= 87.21926856299766,close_to_close_ema_55_daily_difference_pct,<=,87.21926856299766,26,2,24,7.6923076923076925,100,88.88888888888889
close_to_close_ema_144_daily_difference_pct <= 172.8757291348701,close_to_close_ema_144_daily_difference_pct,<=,172.8757291348701,26,2,24,7.6923076923076925,100,88.88888888888889
close_to_close_ema_221_daily_difference_pct <= 225.77516990720574,close_to_close_ema_221_daily_difference_pct,<=,225.77516990720574,26,2,24,7.6923076923076925,100,88.88888888888889
volume_to_volume_ema_3_daily_difference_pct <= 44.56590916765285,volume_to_volume_ema_3_daily_difference_pct,<=,44.56590916765285,26,2,24,7.6923076923076925,100,88.88888888888889
volume_to_volume_ema_5_daily_difference_pct <= 75.09010017190428,volume_to_volume_ema_5_daily_difference_pct,<=,75.09010017190428,26,2,24,7.6923076923076925,100,88.88888888888889
volume_to_volume_ema_8_daily_difference_pct <= 109.99901325865132,volume_to_volume_ema_8_daily_difference_pct,<=,109.99901325865132,26,2,24,7.6923076923076925,100,88.88888888888889
volume_to_volume_ema_21_daily_difference_pct <= 134.33613531229562,volume_to_volume_ema_21_daily_difference_pct,<=,134.33613531229562,26,2,24,7.6923076923076925,100,88.88888888888889
volume_to_volume_ema_55_daily_difference_pct <= 188.46800383079517,volume_to_volume_ema_55_daily_difference_pct,<=,188.46800383079517,26,2,24,7.6923076923076925,100,88.88888888888889
volume_to_volume_ema_144_daily_difference_pct <= 296.7632322021565,volume_to_volume_ema_144_daily_difference_pct,<=,296.7632322021565,26,2,24,7.6923076923076925,100,88.88888888888889
close_ema_13_daily_volatility_5_daily <= 4.267246318298858,close_ema_13_daily_volatility_5_daily,<=,4.267246318298858,26,2,24,7.6923076923076925,100,88.88888888888889
close_ema_21_daily_slope_pct <= 4.093216014151368,close_ema_21_daily_slope_pct,<=,4.093216014151368,26,2,24,7.6923076923076925,100,88.88888888888889
close_ema_21_daily_volatility_5_daily <= 3.7834850086668483,close_ema_21_daily_volatility_5_daily,<=,3.7834850086668483,26,2,24,7.6923076923076925,100,88.88888888888889
close_ema_21_daily_range_5_pct <= 13.985734770242924,close_ema_21_daily_range_5_pct,<=,13.985734770242924,26,2,24,7.6923076923076925,100,88.88888888888889
close_ema_55_daily_slope_pct <= 3.3381778851005177,close_ema_55_daily_slope_pct,<=,3.3381778851005177,26,2,24,7.6923076923076925,100,88.88888888888889
close_ema_55_daily_volatility_5_daily <= 3.115463503505893,close_ema_55_daily_volatility_5_daily,<=,3.115463503505893,26,2,24,7.6923076923076925,100,88.88888888888889
close_ema_55_daily_range_5_pct <= 11.746391530646648,close_ema_55_daily_range_5_pct,<=,11.746391530646648,26,2,24,7.6923076923076925,100,88.88888888888889
close_ema_144_daily_slope_pct <= 2.4777504660015848,close_ema_144_daily_slope_pct,<=,2.4777504660015848,26,2,24,7.6923076923076925,100,88.88888888888889
close_ema_144_daily_volatility_5_daily <= 2.2973914474201953,close_ema_144_daily_volatility_5_daily,<=,2.2973914474201953,26,2,24,7.6923076923076925,100,88.88888888888889
close_ema_144_daily_range_5_pct <= 8.849948984198571,close_ema_144_daily_range_5_pct,<=,8.849948984198571,26,2,24,7.6923076923076925,100,88.88888888888889
close_ema_221_daily_slope_pct <= 2.0955119599565806,close_ema_221_daily_slope_pct,<=,2.0955119599565806,26,2,24,7.6923076923076925,100,88.88888888888889
close_ema_221_daily_volatility_5_daily <= 1.9357297820536576,close_ema_221_daily_volatility_5_daily,<=,1.9357297820536576,26,2,24,7.6923076923076925,100,88.88888888888889
close_ema_221_daily_range_5_pct <= 7.52893765863359,close_ema_221_daily_range_5_pct,<=,7.52893765863359,26,2,24,7.6923076923076925,100,88.88888888888889
close_to_close_ema_8_daily_difference_pct >= 14.056033599529815,close_to_close_ema_8_daily_difference_pct,>=,14.056033599529815,13,1,12,7.6923076923076925,50,44.44444444444444
close_to_close_ema_13_daily_difference_pct >= 21.810857379932845,close_to_close_ema_13_daily_difference_pct,>=,21.810857379932845,13,1,12,7.6923076923076925,50,44.44444444444444
close_to_close_ema_21_daily_difference_pct >= 32.448467027083,close_to_close_ema_21_daily_difference_pct,>=,32.448467027083,13,1,12,7.6923076923076925,50,44.44444444444444
close_to_close_ema_55_daily_difference_pct >= 65.90090311769569,close_to_close_ema_55_daily_difference_pct,>=,65.90090311769569,13,1,12,7.6923076923076925,50,44.44444444444444
volume_to_volume_ema_3_daily_difference_pct >= -4.764385719373079,volume_to_volume_ema_3_daily_difference_pct,>=,-4.764385719373079,13,1,12,7.6923076923076925,50,44.44444444444444
volume_to_volume_ema_5_daily_difference_pct >= -2.1422397384390868,volume_to_volume_ema_5_daily_difference_pct,>=,-2.1422397384390868,13,1,12,7.6923076923076925,50,44.44444444444444
volume_to_volume_ema_8_daily_difference_pct >= -8.402955681603535,volume_to_volume_ema_8_daily_difference_pct,>=,-8.402955681603535,13,1,12,7.6923076923076925,50,44.44444444444444
close_ema_3_daily_volatility_5_daily >= 4.5616237747295765,close_ema_3_daily_volatility_5_daily,>=,4.5616237747295765,13,1,12,7.6923076923076925,50,44.44444444444444
close_ema_3_daily_range_5_pct >= 16.46387372768252,close_ema_3_daily_range_5_pct,>=,16.46387372768252,13,1,12,7.6923076923076925,50,44.44444444444444
close_ema_8_daily_slope_pct >= 4.184041091773618,close_ema_8_daily_slope_pct,>=,4.184041091773618,13,1,12,7.6923076923076925,50,44.44444444444444
close_ema_8_daily_volatility_5_daily >= 3.5867484132951395,close_ema_8_daily_volatility_5_daily,>=,3.5867484132951395,13,1,12,7.6923076923076925,50,44.44444444444444
close_ema_8_daily_range_5_pct >= 14.271869142152305,close_ema_8_daily_range_5_pct,>=,14.271869142152305,13,1,12,7.6923076923076925,50,44.44444444444444
close_ema_13_daily_slope_pct >= 3.7722703129804254,close_ema_13_daily_slope_pct,>=,3.7722703129804254,13,1,12,7.6923076923076925,50,44.44444444444444
close_ema_13_daily_volatility_5_daily >= 3.2391453416798144,close_ema_13_daily_volatility_5_daily,>=,3.2391453416798144,13,1,12,7.6923076923076925,50,44.44444444444444
close_ema_13_daily_range_5_pct >= 12.457192626549844,close_ema_13_daily_range_5_pct,>=,12.457192626549844,13,1,12,7.6923076923076925,50,44.44444444444444
close_ema_21_daily_slope_pct >= 3.3536680911849,close_ema_21_daily_slope_pct,>=,3.3536680911849,13,1,12,7.6923076923076925,50,44.44444444444444
close_ema_21_daily_volatility_5_daily >= 2.85393687103239,close_ema_21_daily_volatility_5_daily,>=,2.85393687103239,13,1,12,7.6923076923076925,50,44.44444444444444
close_ema_21_daily_range_5_pct >= 11.074295795819832,close_ema_21_daily_range_5_pct,>=,11.074295795819832,13,1,12,7.6923076923076925,50,44.44444444444444
close_ema_55_daily_slope_pct >= 2.5018384158627733,close_ema_55_daily_slope_pct,>=,2.5018384158627733,13,1,12,7.6923076923076925,50,44.44444444444444
close_ema_55_daily_range_5_pct >= 8.711525853864822,close_ema_55_daily_range_5_pct,>=,8.711525853864822,13,1,12,7.6923076923076925,50,44.44444444444444
close_to_close_ema_3_daily_difference_pct >= 3.898487374435893,close_to_close_ema_3_daily_difference_pct,>=,3.898487374435893,27,2,25,7.4074074074074066,100,92.5925925925926
close_to_close_ema_8_daily_difference_pct >= 11.026524899115948,close_to_close_ema_8_daily_difference_pct,>=,11.026524899115948,27,2,25,7.4074074074074066,100,92.5925925925926
close_to_close_ema_13_daily_difference_pct >= 15.352093646637938,close_to_close_ema_13_daily_difference_pct,>=,15.352093646637938,27,2,25,7.4074074074074066,100,92.5925925925926
close_to_close_ema_21_daily_difference_pct >= 22.654183334460512,close_to_close_ema_21_daily_difference_pct,>=,22.654183334460512,27,2,25,7.4074074074074066,100,92.5925925925926
close_to_close_ema_55_daily_difference_pct >= 28.89159395532533,close_to_close_ema_55_daily_difference_pct,>=,28.89159395532533,27,2,25,7.4074074074074066,100,92.5925925925926
close_to_close_ema_144_daily_difference_pct >= 29.32134645022985,close_to_close_ema_144_daily_difference_pct,>=,29.32134645022985,27,2,25,7.4074074074074066,100,92.5925925925926
close_to_close_ema_221_daily_difference_pct >= 28.13463903812644,close_to_close_ema_221_daily_difference_pct,>=,28.13463903812644,27,2,25,7.4074074074074066,100,92.5925925925926
volume_to_volume_ema_3_daily_difference_pct >= -79.24151049134895,volume_to_volume_ema_3_daily_difference_pct,>=,-79.24151049134895,27,2,25,7.4074074074074066,100,92.5925925925926
volume_to_volume_ema_5_daily_difference_pct >= -86.33691629995054,volume_to_volume_ema_5_daily_difference_pct,>=,-86.33691629995054,27,2,25,7.4074074074074066,100,92.5925925925926
volume_to_volume_ema_8_daily_difference_pct >= -88.26090223913813,volume_to_volume_ema_8_daily_difference_pct,>=,-88.26090223913813,27,2,25,7.4074074074074066,100,92.5925925925926
volume_to_volume_ema_21_daily_difference_pct >= -89.72435017330017,volume_to_volume_ema_21_daily_difference_pct,>=,-89.72435017330017,27,2,25,7.4074074074074066,100,92.5925925925926
volume_to_volume_ema_55_daily_difference_pct >= -88.2757298354134,volume_to_volume_ema_55_daily_difference_pct,>=,-88.2757298354134,27,2,25,7.4074074074074066,100,92.5925925925926
volume_to_volume_ema_144_daily_difference_pct >= -86.41599304120913,volume_to_volume_ema_144_daily_difference_pct,>=,-86.41599304120913,27,2,25,7.4074074074074066,100,92.5925925925926
close_ema_3_daily_slope_pct >= 4.0566347687214765,close_ema_3_daily_slope_pct,>=,4.0566347687214765,27,2,25,7.4074074074074066,100,92.5925925925926
close_ema_3_daily_volatility_5_daily >= 2.823962353760051,close_ema_3_daily_volatility_5_daily,>=,2.823962353760051,27,2,25,7.4074074074074066,100,92.5925925925926
close_ema_3_daily_range_5_pct >= 10.791494359863973,close_ema_3_daily_range_5_pct,>=,10.791494359863973,27,2,25,7.4074074074074066,100,92.5925925925926
close_ema_8_daily_slope_pct >= 3.252916735102734,close_ema_8_daily_slope_pct,>=,3.252916735102734,27,2,25,7.4074074074074066,100,92.5925925925926
close_ema_8_daily_volatility_5_daily >= 2.0072092645364217,close_ema_8_daily_volatility_5_daily,>=,2.0072092645364217,27,2,25,7.4074074074074066,100,92.5925925925926
close_ema_8_daily_range_5_pct >= 9.067611858232521,close_ema_8_daily_range_5_pct,>=,9.067611858232521,27,2,25,7.4074074074074066,100,92.5925925925926
close_ema_13_daily_slope_pct >= 2.62586994322684,close_ema_13_daily_slope_pct,>=,2.62586994322684,27,2,25,7.4074074074074066,100,92.5925925925926
close_ema_13_daily_volatility_5_daily >= 1.9337550719275032,close_ema_13_daily_volatility_5_daily,>=,1.9337550719275032,27,2,25,7.4074074074074066,100,92.5925925925926
close_ema_13_daily_range_5_pct >= 7.4584780476055945,close_ema_13_daily_range_5_pct,>=,7.4584780476055945,27,2,25,7.4074074074074066,100,92.5925925925926
close_ema_21_daily_slope_pct >= 2.3179291247954517,close_ema_21_daily_slope_pct,>=,2.3179291247954517,27,2,25,7.4074074074074066,100,92.5925925925926
close_ema_21_daily_volatility_5_daily >= 1.7719774178354377,close_ema_21_daily_volatility_5_daily,>=,1.7719774178354377,27,2,25,7.4074074074074066,100,92.5925925925926
close_ema_55_daily_slope_pct >= 1.0816331486189104,close_ema_55_daily_slope_pct,>=,1.0816331486189104,27,2,25,7.4074074074074066,100,92.5925925925926
close_ema_55_daily_volatility_5_daily >= 0.8303882084395564,close_ema_55_daily_volatility_5_daily,>=,0.8303882084395564,27,2,25,7.4074074074074066,100,92.5925925925926
close_ema_55_daily_range_5_pct >= 3.4630221520736506,close_ema_55_daily_range_5_pct,>=,3.4630221520736506,27,2,25,7.4074074074074066,100,92.5925925925926
close_ema_144_daily_slope_pct >= 0.41177741444086735,close_ema_144_daily_slope_pct,>=,0.41177741444086735,27,2,25,7.4074074074074066,100,92.5925925925926
close_ema_144_daily_volatility_5_daily >= 0.2775032029852351,close_ema_144_daily_volatility_5_daily,>=,0.2775032029852351,27,2,25,7.4074074074074066,100,92.5925925925926
close_ema_144_daily_range_5_pct >= 1.229075396366732,close_ema_144_daily_range_5_pct,>=,1.229075396366732,27,2,25,7.4074074074074066,100,92.5925925925926
close_ema_221_daily_slope_pct >= 0.25642530337849495,close_ema_221_daily_slope_pct,>=,0.25642530337849495,27,2,25,7.4074074074074066,100,92.5925925925926
close_ema_221_daily_volatility_5_daily >= 0.16832993825814938,close_ema_221_daily_volatility_5_daily,>=,0.16832993825814938,27,2,25,7.4074074074074066,100,92.5925925925926
close_ema_221_daily_range_5_pct >= 0.7508189183037867,close_ema_221_daily_range_5_pct,>=,0.7508189183037867,27,2,25,7.4074074074074066,100,92.5925925925926
high_low_ratio_daily >= 1,high_low_ratio_daily,>=,1,29,2,27,6.896551724137931,100,100
close_to_close_ema_8_daily_difference_pct >= 14.017376751434343,close_to_close_ema_8_daily_difference_pct,>=,14.017376751434343,15,1,14,6.666666666666667,50,51.85185185185185
close_to_close_ema_8_daily_difference_pct <= 14.017376751434343,close_to_close_ema_8_daily_difference_pct,<=,14.017376751434343,15,1,14,6.666666666666667,50,51.85185185185185
close_to_close_ema_13_daily_difference_pct >= 21.29425576519343,close_to_close_ema_13_daily_difference_pct,>=,21.29425576519343,15,1,14,6.666666666666667,50,51.85185185185185
close_to_close_ema_13_daily_difference_pct <= 21.29425576519343,close_to_close_ema_13_daily_difference_pct,<=,21.29425576519343,15,1,14,6.666666666666667,50,51.85185185185185
close_to_close_ema_21_daily_difference_pct >= 31.312053395819905,close_to_close_ema_21_daily_difference_pct,>=,31.312053395819905,15,1,14,6.666666666666667,50,51.85185185185185
close_to_close_ema_21_daily_difference_pct <= 31.312053395819905,close_to_close_ema_21_daily_difference_pct,<=,31.312053395819905,15,1,14,6.666666666666667,50,51.85185185185185
close_to_close_ema_55_daily_difference_pct >= 61.84951146693862,close_to_close_ema_55_daily_difference_pct,>=,61.84951146693862,15,1,14,6.666666666666667,50,51.85185185185185
close_to_close_ema_55_daily_difference_pct <= 61.84951146693862,close_to_close_ema_55_daily_difference_pct,<=,61.84951146693862,15,1,14,6.666666666666667,50,51.85185185185185
close_to_close_ema_144_daily_difference_pct >= 106.29051941275111,close_to_close_ema_144_daily_difference_pct,>=,106.29051941275111,15,1,14,6.666666666666667,50,51.85185185185185
close_to_close_ema_221_daily_difference_pct >= 129.28743246728493,close_to_close_ema_221_daily_difference_pct,>=,129.28743246728493,15,1,14,6.666666666666667,50,51.85185185185185
close_to_close_ema_221_daily_difference_pct <= 129.28743246728493,close_to_close_ema_221_daily_difference_pct,<=,129.28743246728493,15,1,14,6.666666666666667,50,51.85185185185185
volume_to_volume_ema_3_daily_difference_pct >= -10.604643180464093,volume_to_volume_ema_3_daily_difference_pct,>=,-10.604643180464093,15,1,14,6.666666666666667,50,51.85185185185185
volume_to_volume_ema_3_daily_difference_pct <= -10.604643180464093,volume_to_volume_ema_3_daily_difference_pct,<=,-10.604643180464093,15,1,14,6.666666666666667,50,51.85185185185185
volume_to_volume_ema_5_daily_difference_pct >= -15.622205967866403,volume_to_volume_ema_5_daily_difference_pct,>=,-15.622205967866403,15,1,14,6.666666666666667,50,51.85185185185185
volume_to_volume_ema_5_daily_difference_pct <= -15.622205967866403,volume_to_volume_ema_5_daily_difference_pct,<=,-15.622205967866403,15,1,14,6.666666666666667,50,51.85185185185185
volume_to_volume_ema_8_daily_difference_pct <= -18.555102028300833,volume_to_volume_ema_8_daily_difference_pct,<=,-18.555102028300833,15,1,14,6.666666666666667,50,51.85185185185185
close_ema_3_daily_volatility_5_daily >= 4.463998248109332,close_ema_3_daily_volatility_5_daily,>=,4.463998248109332,15,1,14,6.666666666666667,50,51.85185185185185
close_ema_3_daily_volatility_5_daily <= 4.463998248109332,close_ema_3_daily_volatility_5_daily,<=,4.463998248109332,15,1,14,6.666666666666667,50,51.85185185185185
close_ema_3_daily_range_5_pct >= 16.151460234496717,close_ema_3_daily_range_5_pct,>=,16.151460234496717,15,1,14,6.666666666666667,50,51.85185185185185
close_ema_3_daily_range_5_pct <= 16.151460234496717,close_ema_3_daily_range_5_pct,<=,16.151460234496717,15,1,14,6.666666666666667,50,51.85185185185185
close_ema_8_daily_slope_pct >= 4.1720540830065636,close_ema_8_daily_slope_pct,>=,4.1720540830065636,15,1,14,6.666666666666667,50,51.85185185185185
close_ema_8_daily_slope_pct <= 4.1720540830065636,close_ema_8_daily_slope_pct,<=,4.1720540830065636,15,1,14,6.666666666666667,50,51.85185185185185
close_ema_8_daily_volatility_5_daily >= 3.466587886518128,close_ema_8_daily_volatility_5_daily,>=,3.466587886518128,15,1,14,6.666666666666667,50,51.85185185185185
close_ema_8_daily_volatility_5_daily <= 3.466587886518128,close_ema_8_daily_volatility_5_daily,<=,3.466587886518128,15,1,14,6.666666666666667,50,51.85185185185185
close_ema_8_daily_range_5_pct >= 13.629804865343736,close_ema_8_daily_range_5_pct,>=,13.629804865343736,15,1,14,6.666666666666667,50,51.85185185185185
close_ema_8_daily_range_5_pct <= 13.629804865343736,close_ema_8_daily_range_5_pct,<=,13.629804865343736,15,1,14,6.666666666666667,50,51.85185185185185
close_ema_13_daily_slope_pct >= 3.679634421695572,close_ema_13_daily_slope_pct,>=,3.679634421695572,15,1,14,6.666666666666667,50,51.85185185185185
close_ema_13_daily_slope_pct <= 3.679634421695572,close_ema_13_daily_slope_pct,<=,3.679634421695572,15,1,14,6.666666666666667,50,51.85185185185185
close_ema_13_daily_volatility_5_daily >= 3.061147060986767,close_ema_13_daily_volatility_5_daily,>=,3.061147060986767,15,1,14,6.666666666666667,50,51.85185185185185
close_ema_13_daily_volatility_5_daily <= 3.061147060986767,close_ema_13_daily_volatility_5_daily,<=,3.061147060986767,15,1,14,6.666666666666667,50,51.85185185185185
close_ema_13_daily_range_5_pct >= 11.85711161208758,close_ema_13_daily_range_5_pct,>=,11.85711161208758,15,1,14,6.666666666666667,50,51.85185185185185
close_ema_13_daily_range_5_pct <= 11.85711161208758,close_ema_13_daily_range_5_pct,<=,11.85711161208758,15,1,14,6.666666666666667,50,51.85185185185185
close_ema_21_daily_slope_pct >= 3.2324190164218587,close_ema_21_daily_slope_pct,>=,3.2324190164218587,15,1,14,6.666666666666667,50,51.85185185185185
close_ema_21_daily_slope_pct <= 3.2324190164218587,close_ema_21_daily_slope_pct,<=,3.2324190164218587,15,1,14,6.666666666666667,50,51.85185185185185
close_ema_21_daily_volatility_5_daily >= 2.573624244794319,close_ema_21_daily_volatility_5_daily,>=,2.573624244794319,15,1,14,6.666666666666667,50,51.85185185185185
close_ema_21_daily_volatility_5_daily <= 2.573624244794319,close_ema_21_daily_volatility_5_daily,<=,2.573624244794319,15,1,14,6.666666666666667,50,51.85185185185185
close_ema_21_daily_range_5_pct >= 10.056398118416428,close_ema_21_daily_range_5_pct,>=,10.056398118416428,15,1,14,6.666666666666667,50,51.85185185185185
close_ema_21_daily_range_5_pct <= 10.056398118416428,close_ema_21_daily_range_5_pct,<=,10.056398118416428,15,1,14,6.666666666666667,50,51.85185185185185
close_ema_55_daily_slope_pct >= 2.344426966383171,close_ema_55_daily_slope_pct,>=,2.344426966383171,15,1,14,6.666666666666667,50,51.85185185185185
close_ema_55_daily_slope_pct <= 2.344426966383171,close_ema_55_daily_slope_pct,<=,2.344426966383171,15,1,14,6.666666666666667,50,51.85185185185185
close_ema_55_daily_volatility_5_daily >= 2.14366982544564,close_ema_55_daily_volatility_5_daily,>=,2.14366982544564,15,1,14,6.666666666666667,50,51.85185185185185
close_ema_55_daily_volatility_5_daily <= 2.14366982544564,close_ema_55_daily_volatility_5_daily,<=,2.14366982544564,15,1,14,6.666666666666667,50,51.85185185185185
close_ema_55_daily_range_5_pct >= 8.083816587074688,close_ema_55_daily_range_5_pct,>=,8.083816587074688,15,1,14,6.666666666666667,50,51.85185185185185
close_ema_55_daily_range_5_pct <= 8.083816587074688,close_ema_55_daily_range_5_pct,<=,8.083816587074688,15,1,14,6.666666666666667,50,51.85185185185185
close_ema_144_daily_slope_pct >= 1.509013392810877,close_ema_144_daily_slope_pct,>=,1.509013392810877,15,1,14,6.666666666666667,50,51.85185185185185
close_ema_144_daily_volatility_5_daily >= 1.3025908349296542,close_ema_144_daily_volatility_5_daily,>=,1.3025908349296542,15,1,14,6.666666666666667,50,51.85185185185185
close_ema_144_daily_range_5_pct >= 5.3985794465180215,close_ema_144_daily_range_5_pct,>=,5.3985794465180215,15,1,14,6.666666666666667,50,51.85185185185185
close_ema_221_daily_slope_pct >= 1.18931883870634,close_ema_221_daily_slope_pct,>=,1.18931883870634,15,1,14,6.666666666666667,50,51.85185185185185
close_ema_221_daily_slope_pct <= 1.18931883870634,close_ema_221_daily_slope_pct,<=,1.18931883870634,15,1,14,6.666666666666667,50,51.85185185185185
close_ema_221_daily_volatility_5_daily >= 1.0447968138368051,close_ema_221_daily_volatility_5_daily,>=,1.0447968138368051,15,1,14,6.666666666666667,50,51.85185185185185
close_ema_221_daily_range_5_pct >= 4.224233280621728,close_ema_221_daily_range_5_pct,>=,4.224233280621728,15,1,14,6.666666666666667,50,51.85185185185185
close_ema_221_daily_range_5_pct <= 4.224233280621728,close_ema_221_daily_range_5_pct,<=,4.224233280621728,15,1,14,6.666666666666667,50,51.85185185185185
close_to_close_ema_8_daily_difference_pct <= 14.056033599529815,close_to_close_ema_8_daily_difference_pct,<=,14.056033599529815,17,1,16,5.88235294117647,50,59.25925925925925
close_to_close_ema_13_daily_difference_pct <= 21.810857379932845,close_to_close_ema_13_daily_difference_pct,<=,21.810857379932845,17,1,16,5.88235294117647,50,59.25925925925925
close_to_close_ema_21_daily_difference_pct <= 32.448467027083,close_to_close_ema_21_daily_difference_pct,<=,32.448467027083,17,1,16,5.88235294117647,50,59.25925925925925
volume_to_volume_ema_3_daily_difference_pct <= -4.764385719373079,volume_to_volume_ema_3_daily_difference_pct,<=,-4.764385719373079,17,1,16,5.88235294117647,50,59.25925925925925
volume_to_volume_ema_5_daily_difference_pct <= -2.1422397384390868,volume_to_volume_ema_5_daily_difference_pct,<=,-2.1422397384390868,17,1,16,5.88235294117647,50,59.25925925925925
volume_to_volume_ema_8_daily_difference_pct <= -8.402955681603535,volume_to_volume_ema_8_daily_difference_pct,<=,-8.402955681603535,17,1,16,5.88235294117647,50,59.25925925925925
volume_to_volume_ema_21_daily_difference_pct <= 5.899720166995827,volume_to_volume_ema_21_daily_difference_pct,<=,5.899720166995827,17,1,16,5.88235294117647,50,59.25925925925925
close_ema_3_daily_volatility_5_daily <= 4.5616237747295765,close_ema_3_daily_volatility_5_daily,<=,4.5616237747295765,17,1,16,5.88235294117647,50,59.25925925925925
close_ema_3_daily_range_5_pct <= 16.46387372768252,close_ema_3_daily_range_5_pct,<=,16.46387372768252,17,1,16,5.88235294117647,50,59.25925925925925
close_ema_8_daily_slope_pct <= 4.184041091773618,close_ema_8_daily_slope_pct,<=,4.184041091773618,17,1,16,5.88235294117647,50,59.25925925925925
close_ema_8_daily_volatility_5_daily <= 3.5867484132951395,close_ema_8_daily_volatility_5_daily,<=,3.5867484132951395,17,1,16,5.88235294117647,50,59.25925925925925
close_ema_8_daily_range_5_pct <= 14.271869142152305,close_ema_8_daily_range_5_pct,<=,14.271869142152305,17,1,16,5.88235294117647,50,59.25925925925925
close_ema_13_daily_slope_pct <= 3.7722703129804254,close_ema_13_daily_slope_pct,<=,3.7722703129804254,17,1,16,5.88235294117647,50,59.25925925925925
close_ema_13_daily_volatility_5_daily <= 3.2391453416798144,close_ema_13_daily_volatility_5_daily,<=,3.2391453416798144,17,1,16,5.88235294117647,50,59.25925925925925
close_ema_13_daily_range_5_pct <= 12.457192626549844,close_ema_13_daily_range_5_pct,<=,12.457192626549844,17,1,16,5.88235294117647,50,59.25925925925925
close_ema_21_daily_slope_pct <= 3.3536680911849,close_ema_21_daily_slope_pct,<=,3.3536680911849,17,1,16,5.88235294117647,50,59.25925925925925
close_ema_21_daily_volatility_5_daily <= 2.85393687103239,close_ema_21_daily_volatility_5_daily,<=,2.85393687103239,17,1,16,5.88235294117647,50,59.25925925925925
close_ema_21_daily_range_5_pct <= 11.074295795819832,close_ema_21_daily_range_5_pct,<=,11.074295795819832,17,1,16,5.88235294117647,50,59.25925925925925
close_ema_55_daily_range_5_pct <= 8.711525853864822,close_ema_55_daily_range_5_pct,<=,8.711525853864822,17,1,16,5.88235294117647,50,59.25925925925925
close_to_close_ema_13_daily_difference_pct >= 19.795577957781347,close_to_close_ema_13_daily_difference_pct,>=,19.795577957781347,18,1,17,5.555555555555555,50,62.96296296296296
close_to_close_ema_21_daily_difference_pct >= 28.86758938369954,close_to_close_ema_21_daily_difference_pct,>=,28.86758938369954,18,1,17,5.555555555555555,50,62.96296296296296
close_to_close_ema_55_daily_difference_pct >= 59.31846567926872,close_to_close_ema_55_daily_difference_pct,>=,59.31846567926872,18,1,17,5.555555555555555,50,62.96296296296296
close_to_close_ema_144_daily_difference_pct >= 90.48336185786367,close_to_close_ema_144_daily_difference_pct,>=,90.48336185786367,18,1,17,5.555555555555555,50,62.96296296296296
close_to_close_ema_221_daily_difference_pct >= 99.93867672625235,close_to_close_ema_221_daily_difference_pct,>=,99.93867672625235,18,1,17,5.555555555555555,50,62.96296296296296
close_ema_3_daily_volatility_5_daily >= 4.222363580294482,close_ema_3_daily_volatility_5_daily,>=,4.222363580294482,18,1,17,5.555555555555555,50,62.96296296296296
close_ema_3_daily_range_5_pct >= 15.306913817582736,close_ema_3_daily_range_5_pct,>=,15.306913817582736,18,1,17,5.555555555555555,50,62.96296296296296
close_ema_8_daily_volatility_5_daily >= 3.2674064627030104,close_ema_8_daily_volatility_5_daily,>=,3.2674064627030104,18,1,17,5.555555555555555,50,62.96296296296296
close_ema_8_daily_range_5_pct >= 12.587546475677508,close_ema_8_daily_range_5_pct,>=,12.587546475677508,18,1,17,5.555555555555555,50,62.96296296296296
close_ema_13_daily_slope_pct >= 3.411828177404167,close_ema_13_daily_slope_pct,>=,3.411828177404167,18,1,17,5.555555555555555,50,62.96296296296296
close_ema_13_daily_volatility_5_daily >= 2.5853640669564957,close_ema_13_daily_volatility_5_daily,>=,2.5853640669564957,18,1,17,5.555555555555555,50,62.96296296296296
close_ema_13_daily_range_5_pct >= 10.816940825449628,close_ema_13_daily_range_5_pct,>=,10.816940825449628,18,1,17,5.555555555555555,50,62.96296296296296
close_ema_21_daily_slope_pct >= 2.9725698646366485,close_ema_21_daily_slope_pct,>=,2.9725698646366485,18,1,17,5.555555555555555,50,62.96296296296296
close_ema_21_daily_volatility_5_daily >= 2.378724873376736,close_ema_21_daily_volatility_5_daily,>=,2.378724873376736,18,1,17,5.555555555555555,50,62.96296296296296
close_ema_21_daily_range_5_pct >= 9.451987027486936,close_ema_21_daily_range_5_pct,>=,9.451987027486936,18,1,17,5.555555555555555,50,62.96296296296296
close_ema_55_daily_slope_pct >= 2.2463316726500806,close_ema_55_daily_slope_pct,>=,2.2463316726500806,18,1,17,5.555555555555555,50,62.96296296296296
close_ema_55_daily_volatility_5_daily >= 1.914918786278173,close_ema_55_daily_volatility_5_daily,>=,1.914918786278173,18,1,17,5.555555555555555,50,62.96296296296296
close_ema_55_daily_range_5_pct >= 7.5916267434181135,close_ema_55_daily_range_5_pct,>=,7.5916267434181135,18,1,17,5.555555555555555,50,62.96296296296296
close_ema_144_daily_slope_pct >= 1.281721773541651,close_ema_144_daily_slope_pct,>=,1.281721773541651,18,1,17,5.555555555555555,50,62.96296296296296
close_ema_144_daily_volatility_5_daily >= 0.9404066667847333,close_ema_144_daily_volatility_5_daily,>=,0.9404066667847333,18,1,17,5.555555555555555,50,62.96296296296296
close_ema_144_daily_range_5_pct >= 3.8332055380347883,close_ema_144_daily_range_5_pct,>=,3.8332055380347883,18,1,17,5.555555555555555,50,62.96296296296296
close_ema_221_daily_slope_pct >= 0.9168634355557614,close_ema_221_daily_slope_pct,>=,0.9168634355557614,18,1,17,5.555555555555555,50,62.96296296296296
close_ema_221_daily_volatility_5_daily >= 0.7208920384376445,close_ema_221_daily_volatility_5_daily,>=,0.7208920384376445,18,1,17,5.555555555555555,50,62.96296296296296
close_ema_221_daily_range_5_pct >= 2.9585816331327464,close_ema_221_daily_range_5_pct,>=,2.9585816331327464,18,1,17,5.555555555555555,50,62.96296296296296
close_to_close_ema_8_daily_difference_pct <= 14.80939530962148,close_to_close_ema_8_daily_difference_pct,<=,14.80939530962148,20,1,19,5,50,70.37037037037037
close_to_close_ema_13_daily_difference_pct <= 23.3232722926068,close_to_close_ema_13_daily_difference_pct,<=,23.3232722926068,20,1,19,5,50,70.37037037037037
close_to_close_ema_21_daily_difference_pct <= 35.1291764721753,close_to_close_ema_21_daily_difference_pct,<=,35.1291764721753,20,1,19,5,50,70.37037037037037
volume_to_volume_ema_3_daily_difference_pct <= 11.8305722491997,volume_to_volume_ema_3_daily_difference_pct,<=,11.8305722491997,20,1,19,5,50,70.37037037037037
volume_to_volume_ema_5_daily_difference_pct <= 4.220648041376818,volume_to_volume_ema_5_daily_difference_pct,<=,4.220648041376818,20,1,19,5,50,70.37037037037037
volume_to_volume_ema_21_daily_difference_pct <= 41.09459609836253,volume_to_volume_ema_21_daily_difference_pct,<=,41.09459609836253,20,1,19,5,50,70.37037037037037
volume_to_volume_ema_55_daily_difference_pct <= 87.31032706080012,volume_to_volume_ema_55_daily_difference_pct,<=,87.31032706080012,20,1,19,5,50,70.37037037037037
volume_to_volume_ema_144_daily_difference_pct <= 125.3673720996143,volume_to_volume_ema_144_daily_difference_pct,<=,125.3673720996143,20,1,19,5,50,70.37037037037037
close_ema_3_daily_volatility_5_daily <= 4.605319322244128,close_ema_3_daily_volatility_5_daily,<=,4.605319322244128,20,1,19,5,50,70.37037037037037
close_ema_3_daily_range_5_pct <= 16.656847464068623,close_ema_3_daily_range_5_pct,<=,16.656847464068623,20,1,19,5,50,70.37037037037037
close_ema_8_daily_slope_pct <= 4.418201197286282,close_ema_8_daily_slope_pct,<=,4.418201197286282,20,1,19,5,50,70.37037037037037
close_ema_8_daily_volatility_5_daily <= 3.950370371365735,close_ema_8_daily_volatility_5_daily,<=,3.950370371365735,20,1,19,5,50,70.37037037037037
close_ema_8_daily_range_5_pct <= 14.693168506899651,close_ema_8_daily_range_5_pct,<=,14.693168506899651,20,1,19,5,50,70.37037037037037
close_ema_13_daily_slope_pct <= 4.044427522735235,close_ema_13_daily_slope_pct,<=,4.044427522735235,20,1,19,5,50,70.37037037037037
close_ema_13_daily_volatility_5_daily <= 3.5441104357551545,close_ema_13_daily_volatility_5_daily,<=,3.5441104357551545,20,1,19,5,50,70.37037037037037
close_ema_13_daily_range_5_pct <= 13.357505603522455,close_ema_13_daily_range_5_pct,<=,13.357505603522455,20,1,19,5,50,70.37037037037037
close_ema_21_daily_slope_pct <= 3.640816533733892,close_ema_21_daily_slope_pct,<=,3.640816533733892,20,1,19,5,50,70.37037037037037
close_ema_21_daily_volatility_5_daily <= 3.2337443313791523,close_ema_21_daily_volatility_5_daily,<=,3.2337443313791523,20,1,19,5,50,70.37037037037037
close_ema_21_daily_range_5_pct <= 12.258411243020348,close_ema_21_daily_range_5_pct,<=,12.258411243020348,20,1,19,5,50,70.37037037037037
close_to_close_ema_13_daily_difference_pct >= 18.99582222945232,close_to_close_ema_13_daily_difference_pct,>=,18.99582222945232,21,1,20,4.761904761904762,50,74.07407407407408
close_to_close_ema_21_daily_difference_pct >= 27.488336205522756,close_to_close_ema_21_daily_difference_pct,>=,27.488336205522756,21,1,20,4.761904761904762,50,74.07407407407408
close_to_close_ema_55_daily_difference_pct >= 52.085578479312325,close_to_close_ema_55_daily_difference_pct,>=,52.085578479312325,21,1,20,4.761904761904762,50,74.07407407407408
close_to_close_ema_144_daily_difference_pct >= 65.8961251348265,close_to_close_ema_144_daily_difference_pct,>=,65.8961251348265,21,1,20,4.761904761904762,50,74.07407407407408
close_to_close_ema_221_daily_difference_pct >= 77.92707801321825,close_to_close_ema_221_daily_difference_pct,>=,77.92707801321825,21,1,20,4.761904761904762,50,74.07407407407408
close_ema_3_daily_volatility_5_daily >= 4.041616550530627,close_ema_3_daily_volatility_5_daily,>=,4.041616550530627,21,1,20,4.761904761904762,50,74.07407407407408
close_ema_3_daily_range_5_pct >= 14.987361830799959,close_ema_3_daily_range_5_pct,>=,14.987361830799959,21,1,20,4.761904761904762,50,74.07407407407408
close_ema_8_daily_volatility_5_daily >= 2.9195097547583257,close_ema_8_daily_volatility_5_daily,>=,2.9195097547583257,21,1,20,4.761904761904762,50,74.07407407407408
close_ema_8_daily_range_5_pct >= 11.630870129051626,close_ema_8_daily_range_5_pct,>=,11.630870129051626,21,1,20,4.761904761904762,50,74.07407407407408
close_ema_13_daily_slope_pct >= 3.2694811769415963,close_ema_13_daily_slope_pct,>=,3.2694811769415963,21,1,20,4.761904761904762,50,74.07407407407408
close_ema_13_daily_volatility_5_daily >= 2.506668021251283,close_ema_13_daily_volatility_5_daily,>=,2.506668021251283,21,1,20,4.761904761904762,50,74.07407407407408
close_ema_13_daily_range_5_pct >= 9.82502440388581,close_ema_13_daily_range_5_pct,>=,9.82502440388581,21,1,20,4.761904761904762,50,74.07407407407408
close_ema_21_daily_slope_pct >= 2.826530233917268,close_ema_21_daily_slope_pct,>=,2.826530233917268,21,1,20,4.761904761904762,50,74.07407407407408
close_ema_21_daily_volatility_5_daily >= 2.0513490847644973,close_ema_21_daily_volatility_5_daily,>=,2.0513490847644973,21,1,20,4.761904761904762,50,74.07407407407408
close_ema_21_daily_range_5_pct >= 8.197495346934266,close_ema_21_daily_range_5_pct,>=,8.197495346934266,21,1,20,4.761904761904762,50,74.07407407407408
close_ema_55_daily_slope_pct >= 1.9670416104082205,close_ema_55_daily_slope_pct,>=,1.9670416104082205,21,1,20,4.761904761904762,50,74.07407407407408
close_ema_55_daily_volatility_5_daily >= 1.4762155159732198,close_ema_55_daily_volatility_5_daily,>=,1.4762155159732198,21,1,20,4.761904761904762,50,74.07407407407408
close_ema_55_daily_range_5_pct >= 5.9643731240810185,close_ema_55_daily_range_5_pct,>=,5.9643731240810185,21,1,20,4.761904761904762,50,74.07407407407408
close_ema_144_daily_slope_pct >= 0.9301970481916518,close_ema_144_daily_slope_pct,>=,0.9301970481916518,21,1,20,4.761904761904762,50,74.07407407407408
close_ema_144_daily_volatility_5_daily >= 0.7680775773903395,close_ema_144_daily_volatility_5_daily,>=,0.7680775773903395,21,1,20,4.761904761904762,50,74.07407407407408
close_ema_144_daily_range_5_pct >= 3.1640624773232844,close_ema_144_daily_range_5_pct,>=,3.1640624773232844,21,1,20,4.761904761904762,50,74.07407407407408
close_ema_221_daily_slope_pct >= 0.7134824915547432,close_ema_221_daily_slope_pct,>=,0.7134824915547432,21,1,20,4.761904761904762,50,74.07407407407408
close_ema_221_daily_volatility_5_daily >= 0.5444734054375344,close_ema_221_daily_volatility_5_daily,>=,0.5444734054375344,21,1,20,4.761904761904762,50,74.07407407407408
close_ema_221_daily_range_5_pct >= 2.3327283287467133,close_ema_221_daily_range_5_pct,>=,2.3327283287467133,21,1,20,4.761904761904762,50,74.07407407407408
close_to_close_ema_8_daily_difference_pct <= 15.457390459423195,close_to_close_ema_8_daily_difference_pct,<=,15.457390459423195,23,1,22,4.3478260869565215,50,81.48148148148148
close_to_close_ema_13_daily_difference_pct <= 24.763662524908913,close_to_close_ema_13_daily_difference_pct,<=,24.763662524908913,23,1,22,4.3478260869565215,50,81.48148148148148
volume_to_volume_ema_144_daily_difference_pct <= 171.97891261544322,volume_to_volume_ema_144_daily_difference_pct,<=,171.97891261544322,23,1,22,4.3478260869565215,50,81.48148148148148
close_ema_3_daily_volatility_5_daily <= 4.692004876002959,close_ema_3_daily_volatility_5_daily,<=,4.692004876002959,23,1,22,4.3478260869565215,50,81.48148148148148
close_ema_3_daily_range_5_pct <= 17.08069908786724,close_ema_3_daily_range_5_pct,<=,17.08069908786724,23,1,22,4.3478260869565215,50,81.48148148148148
close_ema_8_daily_slope_pct <= 4.620454919225577,close_ema_8_daily_slope_pct,<=,4.620454919225577,23,1,22,4.3478260869565215,50,81.48148148148148
close_ema_8_daily_volatility_5_daily <= 4.22699655219654,close_ema_8_daily_volatility_5_daily,<=,4.22699655219654,23,1,22,4.3478260869565215,50,81.48148148148148
close_ema_8_daily_range_5_pct <= 15.482727699934989,close_ema_8_daily_range_5_pct,<=,15.482727699934989,23,1,22,4.3478260869565215,50,81.48148148148148
close_ema_13_daily_slope_pct <= 4.30495448768156,close_ema_13_daily_slope_pct,<=,4.30495448768156,23,1,22,4.3478260869565215,50,81.48148148148148
close_ema_13_daily_volatility_5_daily <= 3.8699183811485183,close_ema_13_daily_volatility_5_daily,<=,3.8699183811485183,23,1,22,4.3478260869565215,50,81.48148148148148
close_ema_13_daily_range_5_pct <= 14.355933786550285,close_ema_13_daily_range_5_pct,<=,14.355933786550285,23,1,22,4.3478260869565215,50,81.48148148148148
close_ema_21_daily_range_5_pct <= 13.232667491997036,close_ema_21_daily_range_5_pct,<=,13.232667491997036,23,1,22,4.3478260869565215,50,81.48148148148148
close_ema_3_daily_volatility_5_daily >= 3.3792991497619207,close_ema_3_daily_volatility_5_daily,>=,3.3792991497619207,24,1,23,4.166666666666666,50,85.18518518518519
close_ema_3_daily_range_5_pct >= 13.90854051601723,close_ema_3_daily_range_5_pct,>=,13.90854051601723,24,1,23,4.166666666666666,50,85.18518518518519
close_ema_8_daily_range_5_pct >= 10.779737436521646,close_ema_8_daily_range_5_pct,>=,10.779737436521646,24,1,23,4.166666666666666,50,85.18518518518519
close_ema_13_daily_range_5_pct >= 8.990154523189537,close_ema_13_daily_range_5_pct,>=,8.990154523189537,24,1,23,4.166666666666666,50,85.18518518518519
close_ema_21_daily_volatility_5_daily >= 1.846037917716655,close_ema_21_daily_volatility_5_daily,>=,1.846037917716655,24,1,23,4.166666666666666,50,85.18518518518519
close_ema_21_daily_range_5_pct >= 7.497806838144169,close_ema_21_daily_range_5_pct,>=,7.497806838144169,24,1,23,4.166666666666666,50,85.18518518518519
close_ema_55_daily_range_5_pct >= 4.55232377638142,close_ema_55_daily_range_5_pct,>=,4.55232377638142,24,1,23,4.166666666666666,50,85.18518518518519
close_to_close_ema_3_daily_difference_pct <= 5.507031975139705,close_to_close_ema_3_daily_difference_pct,<=,5.507031975139705,26,1,25,3.8461538461538463,50,92.5925925925926
close_to_close_ema_8_daily_difference_pct <= 16.044493607381117,close_to_close_ema_8_daily_difference_pct,<=,16.044493607381117,26,1,25,3.8461538461538463,50,92.5925925925926
close_to_close_ema_13_daily_difference_pct <= 25.8399875036954,close_to_close_ema_13_daily_difference_pct,<=,25.8399875036954,26,1,25,3.8461538461538463,50,92.5925925925926
close_ema_3_daily_slope_pct <= 5.8279807378797255,close_ema_3_daily_slope_pct,<=,5.8279807378797255,26,1,25,3.8461538461538463,50,92.5925925925926
close_ema_3_daily_volatility_5_daily <= 4.828392699756239,close_ema_3_daily_volatility_5_daily,<=,4.828392699756239,26,1,25,3.8461538461538463,50,92.5925925925926
close_ema_3_daily_range_5_pct <= 17.2589050259724,close_ema_3_daily_range_5_pct,<=,17.2589050259724,26,1,25,3.8461538461538463,50,92.5925925925926
close_ema_8_daily_slope_pct <= 4.804380613661218,close_ema_8_daily_slope_pct,<=,4.804380613661218,26,1,25,3.8461538461538463,50,92.5925925925926
close_ema_8_daily_volatility_5_daily <= 4.514235559077387,close_ema_8_daily_volatility_5_daily,<=,4.514235559077387,26,1,25,3.8461538461538463,50,92.5925925925926
close_ema_8_daily_range_5_pct <= 16.26644976813802,close_ema_8_daily_range_5_pct,<=,16.26644976813802,26,1,25,3.8461538461538463,50,92.5925925925926
close_ema_13_daily_slope_pct <= 4.500485394541778,close_ema_13_daily_slope_pct,<=,4.500485394541778,26,1,25,3.8461538461538463,50,92.5925925925926
close_ema_13_daily_range_5_pct <= 15.576306288569786,close_ema_13_daily_range_5_pct,<=,15.576306288569786,26,1,25,3.8461538461538463,50,92.5925925925926
close_ema_21_daily_range_5_pct >= 7.242232836622377,close_ema_21_daily_range_5_pct,>=,7.242232836622377,27,1,26,3.7037037037037033,50,96.29629629629629